date,symbol,action,price,note,cash_after
2026-08-13 18:04,AAPL,STRONG BUY,303.17,BUY 3.2985 shares at $303.17,9000.0
2026-08-13 18:04,MSFT,STRONG BUY,493.93,BUY 2.0246 shares at $493.93,8000.0
2026-08-13 18:05,TSLA,STRONG BUY,336.45,BUY 2.9722 shares at $336.45,7000.0
2026-08-13 18:05,NVDA,STRONG BUY,225.12,BUY 4.4422 shares at $225.12,6000.0
2026-08-13 18:05,AMZN,STRONG BUY,265.4,BUY 3.7679 shares at $265.4,5000.0
2026-08-13 18:05,META,STRONG BUY,589.07,BUY 1.6976 shares at $589.07,4000.0
2026-08-13 18:05,AMD,STRONG BUY,491.23,BUY 2.0357 shares at $491.23,3000.0
2026-08-13 18:05,PLTR,STRONG BUY,176.3,BUY 5.6721 shares at $176.3,2000.0
2026-08-13 18:05,COIN,STRONG BUY,149.15,BUY 6.7047 shares at $149.15,1000.0
