date,symbol,signal,price,average_5day
2026-08-12 18:00,AAPL,STRONG SELL,301.61,308.0
2026-08-12 18:00,GOOGL,STRONG SELL,341.28,350.93
2026-08-12 18:01,NVDA,STRONG BUY,223.56,220.31
2026-08-12 18:24,AAPL,STRONG SELL,301.19,307.91,36.9,0,2
2026-08-12 18:24,MSFT,STRONG SELL,492.55,500.45,86.0,0,2
2026-08-12 18:25,GOOGL,STRONG SELL,343.11,351.3,61.9,0,2
2026-08-12 18:34,AAPL,STRONG SELL,301.31,307.94,36.9,0,2
2026-08-12 18:34,MSFT,STRONG SELL,491.84,500.31,85.6,0,2
2026-08-12 18:34,GOOGL,STRONG SELL,343.32,351.34,62.0,0,2
2026-08-12 18:34,NVDA,STRONG BUY,224.3,220.46,61.5,2,0
