date,symbol,signal,price,average_5day,rsi,regime,macd,macd_signal,bb_upper,bb_lower,positive_news,negative_news,positive_score,negative_score,duplicates_skipped,bullish,bearish,reddit_positive,reddit_negative,days_to_fomc,buy_votes,sell_votes
2026-08-13 18:04,AAPL,STRONG BUY,303.17,306.33,27.4,CHOPPY,-2.29,0.845,345.92,293.06,3,1,4.5,0.9,0,17,4,0,0,33,3,1
2026-08-13 18:04,MSFT,STRONG BUY,493.93,499.24,86.0,TRENDING,29.13,24.151,548.28,341.75,2,0,3.8,0,0,5,1,0,0,33,3,2
2026-08-13 18:04,GOOGL,STRONG SELL,346.04,349.04,62.3,CHOPPY,-0.852,-0.923,378.19,314.68,3,1,4.5,2.0,0,6,8,0,0,33,1,2
2026-08-13 18:05,TSLA,STRONG BUY,336.45,331.25,64.8,TRENDING,-13.564,-17.62,380.97,280.81,1,3,0.9,5.2,0,12,8,0,0,33,3,1
2026-08-13 18:05,NVDA,STRONG BUY,225.12,221.64,63.8,CHOPPY,4.886,2.718,230.22,188.32,2,2,1.7,3.8,0,13,3,0,0,33,2,1
2026-08-13 18:05,AMZN,STRONG BUY,265.4,271.5,67.9,TRENDING,7.395,6.126,294.79,216.73,2,1,3.6,1.8,0,11,5,0,0,33,3,1
2026-08-13 18:05,META,STRONG BUY,589.07,590.81,48.0,TRENDING,-6.108,-5.718,651.05,543.32,2,0,3.6,0,0,16,2,0,0,33,2,2
2026-08-13 18:05,AMD,STRONG BUY,491.23,480.28,44.6,TRENDING,-8.429,-7.958,553.7,433.74,5,0,8.1,0,0,14,2,0,0,33,3,1
2026-08-13 18:05,PLTR,STRONG BUY,176.3,173.9,78.5,TRENDING,12.071,7.492,186.94,99.69,1,1,1.6,0.9,0,14,4,0,0,33,4,1
2026-08-13 18:05,COIN,STRONG BUY,149.15,149.81,42.6,TRENDING,-3.882,-3.333,173.87,138.72,3,1,4.5,2.6,0,5,4,0,0,33,2,2
2026-08-13 21:27,AAPL,STRONG BUY,305.26,306.75,29.6,CHOPPY,-2.124,0.877,345.77,293.42,2,0,3.6,0,0,12,1,0,0,33,3,1
2026-08-13 21:28,MSFT,STRONG BUY,496.88,499.83,86.3,TRENDING,29.365,24.198,548.73,341.6,3,0,5.9,0,0,11,0,0,0,33,3,2
2026-08-13 21:28,GOOGL,STRONG SELL,346.36,349.1,62.4,CHOPPY,-0.827,-0.918,378.21,314.7,1,2,0.9,2.9,0,14,2,0,0,33,1,2
2026-08-13 21:28,TSLA,STRONG BUY,339.96,331.95,66.3,TRENDING,-13.284,-17.563,381.26,280.88,1,2,1.8,3.6,0,19,1,0,0,33,3,1
2026-08-13 21:28,NVDA,STRONG BUY,225.3,221.68,63.9,CHOPPY,4.901,2.721,230.26,188.3,1,1,0.8,2.0,2,18,4,0,0,33,2,1
2026-08-13 21:28,AMZN,STRONG BUY,265.13,271.45,67.7,TRENDING,7.373,6.122,294.76,216.74,0,0,0,0,0,8,0,0,0,33,2,1
2026-08-13 21:28,META,STRONG BUY,594.97,591.99,49.9,TRENDING,-5.636,-5.624,651.22,543.73,2,0,4.4,0,1,11,0,0,0,33,3,1
2026-08-13 21:28,AMD,STRONG BUY,483.01,478.64,43.0,TRENDING,-9.085,-8.089,553.47,433.14,2,0,3.6,0,0,16,1,0,0,33,3,1
2026-08-13 21:28,PLTR,STRONG BUY,179.01,174.45,79.1,TRENDING,12.287,7.535,187.52,99.38,2,1,2.5,1.8,0,17,1,0,0,33,4,1
2026-08-13 21:28,COIN,STRONG BUY,153.9,150.76,46.7,TRENDING,-3.503,-3.258,173.83,139.23,2,1,2.5,1.8,0,9,1,0,0,33,3,1
